\c military_db

INSERT INTO flying_object_type (is_military, max_speed, fuel_capacity, fuel_per_kilometer) VALUES
	(TRUE, 552, 9000, 6.45),
	(TRUE, 589, 10000, 7.61),
	(FALSE, 745, 8000, 4.76),
	(TRUE, 1179, 12000, 4.06),
	(TRUE, 1429, 9000, 6.52),
	(TRUE, 1185, 11000, 4.3),
	(TRUE, 734, 15000, 6.0),
	(TRUE, 975, 11000, 5.14),
	(TRUE, 783, 8000, 4.5),
	(TRUE, 1381, 13000, 7.42),
	(FALSE, 1107, 10000, 7.27),
	(TRUE, 1023, 9000, 6.89),
	(TRUE, 1431, 11000, 5.68),
	(TRUE, 937, 12000, 5.94),
	(TRUE, 716, 10000, 5.55),
	(TRUE, 570, 11000, 7.87),
	(TRUE, 703, 11000, 8.0),
	(TRUE, 1218, 8000, 6.88),
	(FALSE, 1247, 13000, 6.88),
	(TRUE, 592, 13000, 6.9),
	(TRUE, 558, 12000, 5.11),
	(TRUE, 1359, 9000, 6.22),
	(FALSE, 872, 9000, 7.03),
	(TRUE, 1476, 11000, 6.44),
	(TRUE, 779, 11000, 4.69),
	(FALSE, 1373, 9000, 5.86),
	(FALSE, 1320, 15000, 5.46),
	(TRUE, 915, 14000, 7.26),
	(TRUE, 1260, 15000, 6.49),
	(TRUE, 1383, 11000, 4.01);

INSERT INTO flying_object_weapon_type (name) VALUES
	('weapon_0'),
	('weapon_1'),
	('weapon_2'),
	('weapon_3'),
	('weapon_4'),
	('weapon_5'),
	('weapon_6'),
	('weapon_7'),
	('weapon_8'),
	('weapon_9'),
	('weapon_10'),
	('weapon_11'),
	('weapon_12'),
	('weapon_13'),
	('weapon_14'),
	('weapon_15'),
	('weapon_16'),
	('weapon_17'),
	('weapon_18'),
	('weapon_19'),
	('weapon_20'),
	('weapon_21'),
	('weapon_22'),
	('weapon_23'),
	('weapon_24'),
	('weapon_25'),
	('weapon_26'),
	('weapon_27'),
	('weapon_28'),
	('weapon_29');

INSERT INTO missile_station_type (name, action_radius) VALUES
	('missile_station_0', 90.7),
	('missile_station_1', 120.1),
	('missile_station_2', 160.5);

INSERT INTO guarded_object (name) VALUES
	('factory');

INSERT INTO guarded_object_border (index, guarded_object_id, coordinates) VALUES
	(0, 1, '(511.7, 551.5)'),
	(1, 1, '(467.7, 530.0)'),
	(2, 1, '(450.2, 489.0)'),
	(3, 1, '(456.2, 447.0)'),
	(4, 1, '(509.7, 419.0)'),
	(5, 1, '(585.2, 409.5)'),
	(6, 1, '(667.7, 416.5)'),
	(7, 1, '(696.7, 446.0)'),
	(8, 1, '(699.2, 486.5)'),
	(9, 1, '(678.7, 519.5)'),
	(10, 1, '(639.2, 539.0)'),
	(11, 1, '(577.7, 547.0)');

INSERT INTO missile_station_type (name, action_radius) VALUES
	('missile_station_type_0', 50),
	('missile_station_type_1', 70),
	('missile_station_type_2', 100);

INSERT INTO missile_station_weapon_type (name, maximal_distance) VALUES
	('missile_station_weapon_type_0', 20),
	('missile_station_weapon_type_1', 40),
	('missile_station_weapon_type_2', 80),
	('missile_station_weapon_type_3', 120);

INSERT INTO track (status) VALUES
	('REGISTERED'),
	('PROGRESS'),
	('REGISTERED'),
	('FINISHED'),
	('REGISTERED'),
	('PROGRESS'),
	('REGISTERED'),
	('PROGRESS'),
	('REGISTERED'),
	('FINISHED'),
	('REGISTERED'),
	('FINISHED'),
	('REGISTERED'),
	('FINISHED'),
	('REGISTERED'),
	('FINISHED'),
	('REGISTERED'),
	('FINISHED'),
	('REGISTERED'),
	('FINISHED'),
	('REGISTERED'),
	('FINISHED'),
	('REGISTERED'),
	('FINISHED'),
	('REGISTERED'),
	('FINISHED'),
	('REGISTERED'),
	('FINISHED'),
	('REGISTERED'),
	('FINISHED');

INSERT INTO track_points (track_id, index, coordinates, ts) VALUES
	(1, 0, '(46.2, 134.0)', 1514840453),
	(1, 1, '(160.2, 97.5)', 1514841159),
	(1, 2, '(291.2, 76.5)', 1514841941),
	(1, 3, '(410.2, 61.5)', 1514842648),
	(1, 4, '(536.7, 64.0)', 1514843394),
	(1, 5, '(646.7, 102.0)', 1514844080),
	(1, 6, '(701.2, 142.0)', 1514844478),
	(1, 7, '(774.2, 184.0)', 1514844975),
	(1, 8, '(837.7, 192.5)', 1514845353),
	(1, 9, '(912.2, 197.5)', 1514845793),
	(1, 10, '(974.7, 194.0)', 1514846162),
	(2, 0, '(46.2, 134.0)', 1514840453),
	(3, 0, '(30.2, 34.5)', 1514840424),
	(3, 1, '(103.7, 71.5)', 1514841175),
	(3, 2, '(175.2, 124.0)', 1514841985),
	(3, 3, '(257.2, 189.5)', 1514842943),
	(3, 4, '(296.7, 237.0)', 1514843507),
	(3, 5, '(333.7, 296.0)', 1514844143),
	(3, 6, '(377.2, 346.5)', 1514844752),
	(3, 7, '(434.7, 401.0)', 1514845475),
	(3, 8, '(500.2, 451.5)', 1514846230),
	(3, 9, '(546.7, 489.0)', 1514846775),
	(3, 10, '(588.7, 554.0)', 1514847482),
	(3, 11, '(617.2, 625.0)', 1514848181),
	(3, 12, '(641.2, 681.5)', 1514848741),
	(3, 13, '(668.7, 755.0)', 1514849458),
	(3, 14, '(718.7, 822.0)', 1514850221),
	(3, 15, '(754.7, 856.5)', 1514850676),
	(3, 16, '(798.7, 903.5)', 1514851264),
	(3, 17, '(847.7, 953.5)', 1514851903),
	(3, 18, '(898.7, 1008.5)', 1514852588),
	(4, 0, '(30.2, 34.5)', 1514840424),
	(4, 1, '(96.08, 75.95)', 1514841175),
	(4, 2, '(173.32, 130.86)', 1514841985),
	(4, 3, '(261.07, 197.23)', 1514842943),
	(4, 4, '(300.02, 239.42)', 1514843507),
	(4, 5, '(339.13, 302.24)', 1514844143),
	(4, 6, '(374.29, 348.68)', 1514844752),
	(4, 7, '(433.31, 404.29)', 1514845475),
	(4, 8, '(497.79, 451.7)', 1514846230),
	(4, 9, '(555.26, 487.76)', 1514846775),
	(4, 10, '(591.09, 556.42)', 1514847482),
	(4, 11, '(611.1, 619.24)', 1514848181),
	(4, 12, '(639.34, 677.21)', 1514848741),
	(4, 13, '(668.27, 759.0)', 1514849458),
	(4, 14, '(719.01, 821.18)', 1514850221),
	(4, 15, '(752.73, 857.15)', 1514850676),
	(4, 16, '(799.27, 899.89)', 1514851264),
	(4, 17, '(847.54, 953.48)', 1514851903),
	(4, 18, '(898.7, 1008.5)', 1514852588),
	(5, 0, '(75.2, 354.0)', 1514840482),
	(5, 1, '(152.2, 377.0)', 1514841088),
	(5, 2, '(211.7, 397.5)', 1514841562),
	(5, 3, '(272.2, 414.0)', 1514842035),
	(5, 4, '(339.7, 433.5)', 1514842565),
	(5, 5, '(421.7, 455.0)', 1514843204),
	(5, 6, '(502.7, 476.0)', 1514843835),
	(5, 7, '(577.7, 474.0)', 1514844401),
	(5, 8, '(656.7, 469.5)', 1514844998),
	(5, 9, '(751.2, 466.0)', 1514845711),
	(5, 10, '(800.2, 466.0)', 1514846080),
	(5, 11, '(883.7, 469.0)', 1514846710),
	(5, 12, '(948.7, 471.5)', 1514847200),
	(6, 0, '(75.2, 354.0)', 1514840482),
	(6, 1, '(138.54, 378.98)', 1514841088),
	(6, 2, '(213.51, 398.94)', 1514841562),
	(6, 3, '(273.46, 421.23)', 1514842035),
	(6, 4, '(335.14, 433.86)', 1514842565),
	(6, 5, '(422.83, 459.41)', 1514843204),
	(6, 6, '(505.05, 466.44)', 1514843835),
	(6, 7, '(583.23, 472.59)', 1514844401),
	(7, 0, '(902.2, 15.0)', 1514840433),
	(7, 1, '(851.7, 64.5)', 1514840920),
	(7, 2, '(773.7, 132.5)', 1514841633),
	(7, 3, '(682.2, 185.0)', 1514842360),
	(7, 4, '(601.7, 232.0)', 1514843002),
	(7, 5, '(558.7, 281.0)', 1514843451),
	(7, 6, '(502.2, 351.0)', 1514844071),
	(7, 7, '(463.7, 421.0)', 1514844621),
	(7, 8, '(460.2, 499.0)', 1514845159),
	(7, 9, '(462.7, 565.0)', 1514845614),
	(7, 10, '(468.7, 621.5)', 1514846005),
	(7, 11, '(467.2, 694.5)', 1514846508),
	(7, 12, '(468.7, 774.0)', 1514847056),
	(8, 0, '(902.2, 15.0)', 1514840433),
	(8, 1, '(846.74, 54.22)', 1514840920),
	(8, 2, '(779.05, 140.96)', 1514841633),
	(8, 3, '(681.35, 185.85)', 1514842360),
	(8, 4, '(600.99, 230.38)', 1514843002),
	(8, 5, '(555.43, 276.18)', 1514843451),
	(8, 6, '(484.76, 350.07)', 1514844071),
	(8, 7, '(465.58, 413.51)', 1514844621),
	(8, 8, '(452.75, 493.08)', 1514845159),
	(8, 9, '(464.25, 569.94)', 1514845614),
	(8, 10, '(470.26, 619.19)', 1514846005),
	(8, 11, '(469.36, 693.9)', 1514846508),
	(9, 0, '(25.2, 976.5)', 1514840414),
	(9, 1, '(60.2, 945.0)', 1514840617),
	(9, 2, '(101.2, 910.0)', 1514840850),
	(9, 3, '(149.2, 882.0)', 1514841090),
	(9, 4, '(202.7, 843.5)', 1514841375),
	(9, 5, '(235.2, 804.0)', 1514841596),
	(9, 6, '(246.7, 736.5)', 1514841892),
	(9, 7, '(266.2, 699.0)', 1514842075),
	(9, 8, '(291.7, 660.0)', 1514842276),
	(9, 9, '(350.2, 631.5)', 1514842557),
	(9, 10, '(403.7, 616.0)', 1514842798),
	(9, 11, '(463.7, 594.0)', 1514843074),
	(9, 12, '(542.7, 557.0)', 1514843451),
	(9, 13, '(614.7, 529.5)', 1514843784),
	(9, 14, '(717.2, 513.5)', 1514844233),
	(9, 15, '(807.2, 514.0)', 1514844622),
	(9, 16, '(880.2, 522.0)', 1514844940),
	(9, 17, '(966.7, 522.5)', 1514845314),
	(10, 0, '(25.2, 976.5)', 1514840414),
	(10, 1, '(62.55, 951.14)', 1514840617),
	(10, 2, '(98.83, 912.0)', 1514840850),
	(10, 3, '(144.55, 885.72)', 1514841090),
	(10, 4, '(203.41, 836.17)', 1514841375),
	(10, 5, '(234.39, 798.41)', 1514841596),
	(10, 6, '(251.29, 736.28)', 1514841892),
	(10, 7, '(267.76, 697.22)', 1514842075),
	(10, 8, '(300.69, 663.22)', 1514842276),
	(10, 9, '(338.56, 622.44)', 1514842557),
	(10, 10, '(401.67, 612.76)', 1514842798),
	(10, 11, '(462.95, 589.73)', 1514843074),
	(10, 12, '(549.34, 551.24)', 1514843451),
	(10, 13, '(603.63, 528.59)', 1514843784),
	(10, 14, '(715.91, 510.44)', 1514844233),
	(10, 15, '(807.85, 517.52)', 1514844622),
	(10, 16, '(882.91, 528.04)', 1514844940),
	(10, 17, '(966.7, 522.5)', 1514845314),
	(11, 0, '(653.7, 9.5)', 1514840429),
	(11, 1, '(592.2, 61.0)', 1514840772),
	(11, 2, '(531.2, 105.0)', 1514841094),
	(11, 3, '(488.7, 157.5)', 1514841383),
	(11, 4, '(442.2, 229.5)', 1514841750),
	(11, 5, '(393.7, 279.0)', 1514842047),
	(11, 6, '(354.7, 319.0)', 1514842286),
	(11, 7, '(309.7, 362.0)', 1514842552),
	(11, 8, '(297.2, 431.0)', 1514842852),
	(11, 9, '(320.2, 472.5)', 1514843055),
	(11, 10, '(352.7, 504.5)', 1514843250),
	(11, 11, '(402.2, 540.0)', 1514843511),
	(11, 12, '(485.2, 590.0)', 1514843926),
	(11, 13, '(543.7, 614.0)', 1514844196),
	(11, 14, '(626.7, 645.0)', 1514844575),
	(11, 15, '(711.7, 672.0)', 1514844957),
	(11, 16, '(776.2, 691.0)', 1514845245),
	(11, 17, '(811.7, 705.0)', 1514845408),
	(11, 18, '(872.2, 731.0)', 1514845690),
	(11, 19, '(926.2, 753.5)', 1514845940),
	(12, 0, '(653.7, 9.5)', 1514840429),
	(12, 1, '(594.15, 54.71)', 1514840772),
	(12, 2, '(528.04, 112.17)', 1514841094),
	(12, 3, '(491.29, 165.28)', 1514841383),
	(12, 4, '(438.27, 228.13)', 1514841750),
	(12, 5, '(394.62, 274.86)', 1514842047),
	(12, 6, '(349.17, 320.8)', 1514842286),
	(12, 7, '(307.93, 361.77)', 1514842552),
	(12, 8, '(287.55, 427.34)', 1514842852),
	(12, 9, '(321.98, 471.94)', 1514843055),
	(12, 10, '(356.67, 514.5)', 1514843250),
	(12, 11, '(411.97, 539.57)', 1514843511),
	(12, 12, '(482.46, 587.11)', 1514843926),
	(12, 13, '(541.9, 612.95)', 1514844196),
	(12, 14, '(635.14, 641.85)', 1514844575),
	(12, 15, '(706.81, 671.34)', 1514844957),
	(12, 16, '(781.92, 693.45)', 1514845245),
	(12, 17, '(813.66, 711.8)', 1514845408),
	(12, 18, '(877.07, 722.38)', 1514845690),
	(12, 19, '(926.2, 753.5)', 1514845940),
	(13, 0, '(242.2, 993.5)', 1514840400),
	(13, 1, '(256.2, 931.5)', 1514841002),
	(13, 2, '(267.7, 895.0)', 1514841364),
	(13, 3, '(307.2, 859.5)', 1514841867),
	(13, 4, '(340.2, 830.0)', 1514842286),
	(13, 5, '(374.7, 791.5)', 1514842775),
	(13, 6, '(414.7, 738.5)', 1514843404),
	(13, 7, '(492.7, 661.0)', 1514844445),
	(13, 8, '(539.2, 596.0)', 1514845202),
	(13, 9, '(577.7, 526.0)', 1514845958),
	(13, 10, '(603.7, 461.5)', 1514846616),
	(13, 11, '(624.2, 387.5)', 1514847343),
	(13, 12, '(659.2, 317.0)', 1514848088),
	(13, 13, '(727.2, 288.5)', 1514848786),
	(13, 14, '(863.7, 262.0)', 1514850103),
	(13, 15, '(963.7, 249.5)', 1514851057),
	(14, 0, '(242.2, 993.5)', 1514840400),
	(14, 1, '(258.88, 927.46)', 1514841002),
	(14, 2, '(264.18, 895.05)', 1514841364),
	(14, 3, '(303.93, 850.92)', 1514841867),
	(14, 4, '(339.37, 839.74)', 1514842286),
	(14, 5, '(376.06, 797.48)', 1514842775),
	(14, 6, '(407.65, 738.08)', 1514843404),
	(14, 7, '(500.11, 664.17)', 1514844445),
	(14, 8, '(539.4, 591.96)', 1514845202),
	(14, 9, '(575.54, 513.98)', 1514845958),
	(14, 10, '(603.5, 465.69)', 1514846616),
	(14, 11, '(627.68, 380.89)', 1514847343),
	(14, 12, '(659.17, 308.1)', 1514848088),
	(14, 13, '(731.0, 279.33)', 1514848786),
	(14, 14, '(867.15, 259.9)', 1514850103),
	(14, 15, '(963.7, 249.5)', 1514851057),
	(15, 0, '(15.2, 601.0)', 1514840496),
	(15, 1, '(125.2, 597.5)', 1514841000),
	(15, 2, '(235.2, 587.0)', 1514841506),
	(15, 3, '(336.2, 577.5)', 1514841970),
	(15, 4, '(437.7, 574.0)', 1514842435),
	(15, 5, '(558.7, 566.0)', 1514842990),
	(15, 6, '(676.2, 559.0)', 1514843529),
	(15, 7, '(827.7, 556.5)', 1514844222),
	(15, 8, '(964.7, 556.0)', 1514844849),
	(16, 0, '(15.2, 601.0)', 1514840496),
	(16, 1, '(123.1, 601.51)', 1514841000),
	(16, 2, '(233.24, 584.24)', 1514841506),
	(16, 3, '(327.82, 588.26)', 1514841970),
	(16, 4, '(431.55, 578.8)', 1514842435),
	(16, 5, '(557.2, 562.06)', 1514842990),
	(16, 6, '(671.14, 565.17)', 1514843529),
	(16, 7, '(819.95, 556.04)', 1514844222),
	(16, 8, '(964.7, 556.0)', 1514844849),
	(17, 0, '(498.7, 976.5)', 1514840497),
	(17, 1, '(501.7, 939.5)', 1514840837),
	(17, 2, '(503.7, 902.0)', 1514841181),
	(17, 3, '(509.7, 859.0)', 1514841579),
	(17, 4, '(509.2, 813.5)', 1514841996),
	(17, 5, '(508.7, 762.0)', 1514842468),
	(17, 6, '(511.7, 706.0)', 1514842983),
	(17, 7, '(519.2, 656.0)', 1514843447),
	(17, 8, '(520.2, 603.5)', 1514843929),
	(17, 9, '(524.2, 547.0)', 1514844449),
	(17, 10, '(526.7, 488.5)', 1514844986),
	(17, 11, '(526.2, 430.0)', 1514845523),
	(17, 12, '(522.7, 375.0)', 1514846029),
	(17, 13, '(516.7, 320.0)', 1514846537),
	(17, 14, '(516.7, 264.0)', 1514847051),
	(17, 15, '(517.7, 214.0)', 1514847510),
	(17, 16, '(519.2, 164.5)', 1514847964),
	(17, 17, '(519.7, 117.5)', 1514848395),
	(17, 18, '(519.2, 57.0)', 1514848950),
	(18, 0, '(498.7, 976.5)', 1514840497),
	(18, 1, '(497.25, 932.08)', 1514840837),
	(18, 2, '(497.43, 908.62)', 1514841181),
	(18, 3, '(504.67, 854.15)', 1514841579),
	(18, 4, '(511.0, 819.31)', 1514841996),
	(18, 5, '(504.66, 760.76)', 1514842468),
	(18, 6, '(508.4, 711.29)', 1514842983),
	(18, 7, '(518.71, 652.84)', 1514843447),
	(18, 8, '(523.53, 605.88)', 1514843929),
	(18, 9, '(526.23, 553.08)', 1514844449),
	(18, 10, '(525.59, 486.52)', 1514844986),
	(18, 11, '(532.25, 435.21)', 1514845523),
	(18, 12, '(526.04, 371.43)', 1514846029),
	(18, 13, '(521.11, 319.05)', 1514846537),
	(18, 14, '(509.53, 282.1)', 1514847051),
	(18, 15, '(512.82, 212.17)', 1514847510),
	(18, 16, '(520.47, 177.21)', 1514847964),
	(18, 17, '(515.15, 123.68)', 1514848395),
	(18, 18, '(519.2, 57.0)', 1514848950),
	(19, 0, '(148.7, 37.0)', 1514840403),
	(19, 1, '(284.2, 86.0)', 1514841253),
	(19, 2, '(402.2, 126.5)', 1514841989),
	(19, 3, '(542.7, 172.0)', 1514842860),
	(19, 4, '(697.7, 227.0)', 1514843830),
	(19, 5, '(809.2, 273.5)', 1514844542),
	(19, 6, '(907.2, 315.0)', 1514845170),
	(19, 7, '(966.7, 345.0)', 1514845563),
	(20, 0, '(148.7, 37.0)', 1514840403),
	(20, 1, '(279.63, 85.2)', 1514841253),
	(20, 2, '(404.68, 121.32)', 1514841989),
	(20, 3, '(538.01, 167.44)', 1514842860),
	(20, 4, '(706.65, 226.54)', 1514843830),
	(20, 5, '(809.61, 275.62)', 1514844542),
	(20, 6, '(907.65, 315.22)', 1514845170),
	(20, 7, '(966.7, 345.0)', 1514845563),
	(21, 0, '(44.7, 25.0)', 1514840425),
	(21, 1, '(65.2, 162.0)', 1514841430),
	(21, 2, '(101.7, 314.5)', 1514842568),
	(21, 3, '(135.2, 459.0)', 1514843644),
	(21, 4, '(174.2, 623.5)', 1514844871),
	(21, 5, '(192.7, 746.5)', 1514845773),
	(21, 6, '(186.2, 858.5)', 1514846587),
	(21, 7, '(119.7, 964.0)', 1514847492),
	(22, 0, '(44.7, 25.0)', 1514840425),
	(22, 1, '(66.63, 168.97)', 1514841430),
	(22, 2, '(110.59, 310.47)', 1514842568),
	(22, 3, '(131.06, 467.18)', 1514843644),
	(22, 4, '(178.58, 626.4)', 1514844871),
	(22, 5, '(193.55, 738.27)', 1514845773),
	(22, 6, '(185.24, 854.88)', 1514846587),
	(22, 7, '(119.7, 964.0)', 1514847492),
	(23, 0, '(222.7, 481.0)', 1514840451),
	(23, 1, '(264.7, 476.0)', 1514840632),
	(23, 2, '(337.2, 471.5)', 1514840943),
	(23, 3, '(395.2, 468.5)', 1514841191),
	(23, 4, '(446.7, 467.5)', 1514841411),
	(23, 5, '(508.7, 461.5)', 1514841677),
	(23, 6, '(567.2, 458.5)', 1514841928),
	(23, 7, '(641.7, 452.5)', 1514842248),
	(23, 8, '(724.2, 450.0)', 1514842601),
	(24, 0, '(222.7, 481.0)', 1514840451),
	(24, 1, '(263.94, 477.96)', 1514840632),
	(24, 2, '(329.94, 467.2)', 1514840943),
	(24, 3, '(387.24, 465.44)', 1514841191),
	(24, 4, '(443.99, 466.98)', 1514841411),
	(24, 5, '(501.82, 461.92)', 1514841677),
	(24, 6, '(556.71, 451.02)', 1514841928),
	(24, 7, '(633.82, 458.53)', 1514842248),
	(24, 8, '(724.2, 450.0)', 1514842601),
	(25, 0, '(307.2, 989.5)', 1514840442),
	(25, 1, '(333.7, 936.0)', 1514841007),
	(25, 2, '(348.7, 892.0)', 1514841447),
	(25, 3, '(367.7, 805.0)', 1514842290),
	(25, 4, '(362.2, 724.5)', 1514843054),
	(25, 5, '(353.7, 649.5)', 1514843769),
	(25, 6, '(359.7, 600.0)', 1514844241),
	(25, 7, '(364.7, 535.0)', 1514844858),
	(25, 8, '(372.2, 439.5)', 1514845765),
	(25, 9, '(382.7, 364.0)', 1514846487),
	(25, 10, '(412.7, 324.5)', 1514846956),
	(25, 11, '(466.2, 279.0)', 1514847621),
	(25, 12, '(527.2, 229.5)', 1514848365),
	(25, 13, '(576.7, 206.5)', 1514848882),
	(25, 14, '(658.7, 169.0)', 1514849736),
	(25, 15, '(744.2, 137.0)', 1514850600),
	(25, 16, '(869.7, 114.5)', 1514851807),
	(25, 17, '(924.2, 106.5)', 1514852328),
	(25, 18, '(979.7, 107.5)', 1514852853),
	(26, 0, '(307.2, 989.5)', 1514840442),
	(26, 1, '(334.2, 945.07)', 1514841007),
	(26, 2, '(352.21, 883.83)', 1514841447),
	(26, 3, '(360.43, 804.32)', 1514842290),
	(26, 4, '(366.26, 723.99)', 1514843054),
	(26, 5, '(353.21, 639.95)', 1514843769),
	(26, 6, '(352.79, 603.74)', 1514844241),
	(26, 7, '(366.34, 531.76)', 1514844858),
	(26, 8, '(372.35, 439.28)', 1514845765),
	(26, 9, '(387.5, 355.06)', 1514846487),
	(26, 10, '(408.01, 321.42)', 1514846956),
	(26, 11, '(465.8, 277.27)', 1514847621),
	(26, 12, '(518.7, 223.11)', 1514848365),
	(26, 13, '(573.93, 203.78)', 1514848882),
	(26, 14, '(653.23, 164.08)', 1514849736),
	(26, 15, '(745.34, 142.13)', 1514850600),
	(26, 16, '(874.4, 116.93)', 1514851807),
	(26, 17, '(921.58, 113.47)', 1514852328),
	(26, 18, '(979.7, 107.5)', 1514852853),
	(27, 0, '(932.7, 977.5)', 1514840426),
	(27, 1, '(836.2, 921.5)', 1514841069),
	(27, 2, '(751.7, 862.5)', 1514841663),
	(27, 3, '(688.7, 815.0)', 1514842118),
	(27, 4, '(635.2, 741.5)', 1514842642),
	(27, 5, '(597.7, 695.0)', 1514842986),
	(27, 6, '(494.7, 603.5)', 1514843780),
	(27, 7, '(416.2, 605.0)', 1514844232),
	(27, 8, '(304.2, 607.5)', 1514844878),
	(27, 9, '(178.7, 579.0)', 1514845620),
	(27, 10, '(109.2, 543.5)', 1514846070),
	(27, 11, '(89.2, 479.5)', 1514846456),
	(27, 12, '(89.2, 431.0)', 1514846735),
	(27, 13, '(99.7, 353.5)', 1514847186),
	(27, 14, '(121.7, 271.0)', 1514847678),
	(27, 15, '(136.7, 194.0)', 1514848130),
	(27, 16, '(148.7, 92.5)', 1514848719),
	(28, 0, '(932.7, 977.5)', 1514840426),
	(28, 1, '(833.4, 911.93)', 1514841069),
	(28, 2, '(759.31, 857.44)', 1514841663),
	(28, 3, '(687.91, 810.65)', 1514842118),
	(28, 4, '(633.11, 750.47)', 1514842642),
	(28, 5, '(607.11, 699.07)', 1514842986),
	(28, 6, '(481.75, 598.13)', 1514843780),
	(28, 7, '(416.84, 613.21)', 1514844232),
	(28, 8, '(306.06, 600.85)', 1514844878),
	(28, 9, '(173.83, 575.7)', 1514845620),
	(28, 10, '(111.17, 543.7)', 1514846070),
	(28, 11, '(90.08, 481.34)', 1514846456),
	(28, 12, '(94.25, 427.99)', 1514846735),
	(28, 13, '(105.15, 351.41)', 1514847186),
	(28, 14, '(123.73, 279.14)', 1514847678),
	(28, 15, '(135.6, 192.86)', 1514848130),
	(28, 16, '(148.7, 92.5)', 1514848719),
	(29, 0, '(409.2, 819.0)', 1514840493),
	(29, 1, '(436.2, 723.5)', 1514840922),
	(29, 2, '(445.2, 666.0)', 1514841174),
	(29, 3, '(457.2, 626.5)', 1514841352),
	(29, 4, '(468.7, 585.0)', 1514841538),
	(29, 5, '(492.2, 514.5)', 1514841859),
	(29, 6, '(619.2, 500.0)', 1514842412),
	(29, 7, '(727.7, 491.0)', 1514842883),
	(29, 8, '(802.7, 484.5)', 1514843209),
	(29, 9, '(874.2, 484.5)', 1514843518),
	(29, 10, '(936.7, 489.5)', 1514843789),
	(30, 0, '(409.2, 819.0)', 1514840493),
	(30, 1, '(431.06, 724.67)', 1514840922),
	(30, 2, '(451.31, 665.52)', 1514841174),
	(30, 3, '(461.45, 622.47)', 1514841352),
	(30, 4, '(468.33, 587.5)', 1514841538),
	(30, 5, '(498.07, 518.28)', 1514841859),
	(30, 6, '(618.6, 494.13)', 1514842412),
	(30, 7, '(728.67, 487.51)', 1514842883),
	(30, 8, '(801.84, 492.0)', 1514843209),
	(30, 9, '(865.51, 483.57)', 1514843518),
	(30, 10, '(936.7, 489.5)', 1514843789);

INSERT INTO flying_object_type_weapon_type (flying_object_weapon_type_id, flying_object_type_id, number) VALUES
	(23, 1, 6),
	(28, 1, 6),
	(22, 1, 6),
	(17, 2, 2),
	(13, 2, 8),
	(26, 2, 2),
	(6, 2, 6),
	(30, 3, 4),
	(6, 3, 6),
	(5, 3, 8),
	(12, 4, 6),
	(16, 5, 8),
	(14, 5, 6),
	(3, 6, 8),
	(16, 6, 4),
	(19, 6, 6),
	(11, 6, 4),
	(16, 7, 8),
	(2, 8, 6),
	(23, 8, 2),
	(19, 9, 2),
	(30, 9, 2),
	(12, 9, 8),
	(17, 10, 8),
	(29, 10, 8),
	(1, 10, 4),
	(30, 10, 2),
	(8, 11, 8),
	(7, 11, 6),
	(5, 11, 4),
	(11, 11, 4),
	(28, 12, 4),
	(5, 12, 2),
	(15, 12, 2),
	(9, 12, 4),
	(4, 13, 4),
	(30, 13, 6),
	(24, 14, 2),
	(5, 14, 6),
	(15, 14, 8),
	(29, 15, 6),
	(26, 15, 2),
	(6, 16, 2),
	(20, 16, 8),
	(14, 16, 8),
	(30, 16, 2),
	(5, 17, 6),
	(3, 17, 4),
	(24, 17, 4),
	(1, 18, 6),
	(11, 18, 2),
	(13, 18, 4),
	(1, 19, 6),
	(9, 19, 4),
	(30, 19, 4),
	(29, 20, 8),
	(29, 21, 6),
	(11, 22, 8),
	(2, 23, 6),
	(25, 23, 6),
	(1, 23, 6),
	(11, 24, 4),
	(27, 24, 6),
	(23, 25, 2),
	(26, 25, 4),
	(2, 26, 8),
	(5, 26, 4),
	(15, 27, 4),
	(3, 27, 4),
	(6, 27, 4),
	(23, 27, 6),
	(21, 28, 8),
	(1, 28, 2),
	(20, 28, 8),
	(13, 29, 6),
	(11, 29, 6),
	(3, 29, 6),
	(14, 29, 8),
	(5, 30, 4),
	(19, 30, 6);

INSERT INTO flying_object (flying_object_type_id, registered_track_id, real_track_id, fuel_on_launch) VALUES
	(28, 1, 2, 14000),
	(20, 3, 4, 13000),
	(15, 5, 6, 10000),
	(9, 7, 8, 8000),
	(19, 9, 10, 13000),
	(29, 11, 12, 15000),
	(16, 13, 14, 11000),
	(4, 15, 16, 12000),
	(2, 17, 18, 10000),
	(28, 19, 20, 14000),
	(3, 21, 22, 8000),
	(29, 23, 24, 15000),
	(16, 25, 26, 11000),
	(14, 27, 28, 12000),
	(19, 29, 30, 13000);

INSERT INTO missile_station_type_weapon_type (missile_station_weapon_type_id, missile_station_type_id, number) VALUES
	(4, 1, 2),
	(3, 1, 4),
	(3, 2, 1),
	(4, 2, 5),
	(3, 3, 3),
	(4, 3, 1);

INSERT INTO number_needed_to_destroy (missile_station_weapon_type_id, flying_object_type_id, number) VALUES
	(3, 25, 2),
	(3, 7, 2),
	(3, 10, 4),
	(1, 29, 2),
	(3, 28, 6),
	(3, 5, 2),
	(2, 11, 6),
	(1, 24, 6),
	(3, 11, 6),
	(3, 13, 2),
	(1, 11, 6),
	(1, 27, 2),
	(2, 29, 2),
	(1, 2, 6),
	(2, 18, 6),
	(3, 27, 2),
	(2, 28, 6),
	(1, 20, 6),
	(2, 13, 4),
	(3, 14, 2),
	(2, 10, 6),
	(1, 26, 2),
	(2, 26, 2),
	(1, 16, 2),
	(1, 21, 2),
	(3, 9, 6),
	(2, 23, 2),
	(2, 19, 2),
	(2, 8, 4),
	(2, 6, 6),
	(2, 16, 6),
	(2, 3, 6),
	(3, 2, 6),
	(3, 26, 6),
	(1, 6, 2),
	(3, 15, 4),
	(3, 4, 6),
	(2, 9, 6),
	(3, 1, 6),
	(3, 16, 2),
	(2, 30, 6),
	(3, 3, 4),
	(1, 5, 6),
	(1, 22, 6),
	(1, 17, 2),
	(3, 18, 6),
	(1, 18, 6),
	(3, 29, 2),
	(2, 25, 2),
	(2, 5, 2),
	(3, 22, 2),
	(3, 12, 4),
	(3, 17, 4),
	(1, 4, 2),
	(1, 30, 6),
	(1, 7, 2),
	(2, 1, 4),
	(2, 27, 6),
	(2, 20, 6),
	(3, 8, 2),
	(2, 7, 2),
	(2, 2, 6),
	(2, 12, 4),
	(2, 22, 6),
	(3, 6, 4),
	(1, 23, 2),
	(3, 24, 6),
	(2, 21, 4),
	(2, 24, 4),
	(2, 14, 2),
	(3, 30, 2),
	(3, 19, 6),
	(2, 17, 2),
	(1, 15, 6),
	(3, 20, 4);

INSERT INTO missile_station (missile_station_type_id, coordinates, stand_to) VALUES
	(1, '(424.2, 557.5)', 1),
	(1, '(527.7, 597.5)', 1),
	(1, '(704.7, 552.0)', 1),
	(1, '(667.2, 369.0)', 1),
	(1, '(479.7, 375.0)', 1),
	(2, '(366.7, 444.5)', 1),
	(2, '(460.2, 609.0)', 1),
	(2, '(647.2, 603.5)', 1),
	(2, '(566.7, 323.5)', 1),
	(2, '(764.7, 434.5)', 1),
	(3, '(411.2, 394.0)', 1),
	(3, '(381.2, 521.5)', 1),
	(3, '(598.7, 613.5)', 1),
	(3, '(768.7, 492.0)', 1),
	(3, '(628.7, 345.0)', 1);
